<?xml version="1.0" encoding="UTF-8"?>
<metadata xml:lang="en"><Esri><CreaDate>20210210</CreaDate><CreaTime>13034900</CreaTime><ArcGISFormat>1.0</ArcGISFormat><SyncOnce>TRUE</SyncOnce><DataProperties><lineage><Process ToolSource="c:\program files (x86)\arcgis\desktop10.5\ArcToolbox\Toolboxes\Conversion Tools.tbx\RasterToPolygon" Date="20210210" Time="130324">RasterToPolygon Int_rasterca1 C:\Users\Ruhollah\Documents\ArcGIS\Default.gdb\RasterT_Int_ras1 SIMPLIFY Value</Process></lineage></DataProperties></Esri></metadata>
